work_order_id,asset_id,employee_id,assigned_region,completion_status,response_time_hours,operational_cost,last_updated_date
WO00001,A0012,E0009,Northwest,In Progress,71.5,13270.62,2026-02-06
WO00002,A0005,E0016,Northeast,Complete,49.8,2949.09,2026-03-09
WO00003,A0015,E0020,Northwest,Done,75.4,21707.78,2026-03-07
WO00004,A0020,E0015,Northwest,Open,95.9,21220.64,2026-03-19
WO00005,A0007,E0016,Northeast,Open,86.4,8222.27,2026-04-24
WO00006,A0005,E0005,Central,Delayed,61.1,13821.82,2026-04-01
WO00007,A0025,E0020,Southeast,Complete,44.1,15234.31,2026-04-30
WO00008,A0008,E0028,Southeast,Done,83.2,10894.23,2026-01-19
WO00009,A0015,E0014,Central,Closed,38.9,18307.91,2026-04-02
WO00010,A0028,E0011,Central,Complete,91.6,17248.82,2026-03-13
WO00011,A0005,E0003,Northwest,Open,42.0,18678.58,2026-03-26
WO00012,A0009,E0018,Northwest,Delayed,91.9,14151.66,2026-02-16
WO00013,A0008,E0014,Central,Done,90.4,10717.69,2026-01-15
WO00014,A0004,E0010,Southeast,Complete,34.4,14553.48,2026-04-15
WO00015,A0010,E0022,Northeast,In Progress,81.5,8915.32,2026-03-02
WO00016,A0024,E0004,Central,Delayed,22.5,10870.53,2026-03-02
WO00017,A0040,E0020,Southeast,Open,58.9,16531.32,2026-02-13
WO00018,A0018,E0001,Southwest,Complete,67.8,7897.37,2026-03-30
WO00019,A0023,E0001,Southwest,In Progress,54.8,10169.41,2026-04-24
WO00020,A0002,E0003,Southeast,In Progress,36.7,11477.73,2026-04-22
WO00021,A0024,E0010,Central,Delayed,57.6,22112.72,2026-04-23
WO00022,A0011,E0025,Southeast,Open,65.0,6984.55,2026-02-17
WO00023,A0028,E0016,Southeast,Closed,40.3,5585.33,2026-03-08
WO00024,A0008,E0012,Northeast,Open,27.9,17042.53,2026-03-11
WO00025,A0034,E0022,Central,Open,21.9,24615.03,2026-05-05
WO00026,A0001,E0007,Central,In Progress,73.9,19162.98,2026-04-05
WO00027,A0021,E0004,Northwest,Closed,72.0,4598.45,2026-03-25
WO00028,A0035,E0023,Southwest,Delayed,54.1,16784.19,2026-03-28
WO00029,A0005,E0013,Northwest,Closed,2.8,23048.77,2026-01-22
WO00030,A0021,E0019,Northeast,Delayed,39.4,16093.51,2026-04-05
WO00031,A0008,E0013,Northwest,Complete,17.3,23703.45,2026-03-15
WO00032,A0024,E0003,Northeast,Open,24.1,14824.56,2026-03-06
WO00033,A0006,E0013,Central,Done,33.3,8493.45,2026-04-21
WO00034,A0005,E0017,Northwest,Delayed,49.4,22671.59,2026-03-29
WO00035,A0023,E0024,Southwest,In Progress,10.8,6585.21,2026-04-20
WO00036,A0039,E0005,Northwest,In Progress,91.4,15791.73,2026-03-14
WO00037,A0037,E0025,Southeast,Closed,65.7,22080.69,2026-02-19
WO00038,A0040,E0011,Central,In Progress,42.8,11855.8,2026-02-21
WO00039,A0020,E0026,Central,Delayed,6.3,12806.59,2026-04-03
WO00040,A0030,E0015,Northwest,Open,36.0,7355.16,2026-02-19
WO00041,A0006,E0020,Southeast,Delayed,37.5,14613.15,2026-01-31
WO00042,A0003,E0015,Southeast,Done,18.9,15223.89,2026-03-09
WO00043,A0010,E0002,Northeast,Open,78.0,20975.09,2026-02-10
WO00044,A0006,E0017,Southwest,Open,24.5,11084.52,2026-03-17
WO00045,A0034,E0017,Southeast,In Progress,35.6,22968.94,2026-03-24
WO00046,A0027,E0025,Central,Done,57.8,19783.37,2026-02-19
WO00047,A0022,E0003,Central,Open,54.0,9817.46,2026-04-10
WO00048,A0039,E0028,Southwest,Complete,8.7,16674.4,2026-01-15
WO00049,A0023,E0010,Northeast,In Progress,57.5,23465.55,2026-04-03
WO00050,A0036,E0013,Central,In Progress,64.7,20766.73,2026-02-07
WO00051,A0034,E0003,Northeast,Delayed,35.4,9224.29,2026-04-19
WO00052,A0014,E0011,Northeast,In Progress,22.5,3654.74,2026-05-03
WO00053,A0019,E0028,Northwest,Delayed,74.2,20919.22,2026-01-19
WO00054,A0034,E0002,Central,Delayed,13.4,9573.82,2026-04-22
WO00055,A0012,E0027,Southeast,In Progress,69.5,1331.39,2026-03-27
WO00056,A0016,E0015,Southeast,Complete,72.5,19649.06,2026-04-13
WO00057,A0035,E0008,Central,Closed,86.9,5051.9,2026-02-15
WO00058,A0037,E0015,Northeast,Complete,74.9,12696.94,2026-03-20
WO00059,A0011,E0027,Southwest,Delayed,14.1,6437.58,2026-02-19
WO00060,A0031,E0028,Central,Delayed,89.8,17857.17,2026-03-07
WO00061,A0008,E0010,Northwest,In Progress,26.9,22656.33,2026-04-24
WO00062,A0028,E0003,Southwest,Closed,85.0,23279.18,2026-03-20
WO00063,A0004,E0013,Southeast,Complete,23.4,24864.5,2026-03-26
WO00064,A0015,E0001,Central,Open,80.7,16336.53,2026-01-31
WO00065,A0010,E0005,Northwest,Complete,88.2,11943.26,2026-01-26
WO00066,A0009,E0025,Northeast,Closed,59.5,22669.97,2026-05-10
WO00067,A0017,E0007,Southwest,Delayed,90.3,15319.78,2026-03-19
WO00068,A0008,E0025,Central,In Progress,29.6,1431.8,2026-03-20
WO00069,A0040,E0015,Northwest,Open,80.5,12620.77,2026-03-05
WO00070,A0002,E0021,Southeast,Delayed,24.0,3803.53,2026-03-19
WO00071,A0001,E0020,Central,In Progress,55.2,4886.02,2026-02-16
WO00072,A0006,E0017,Central,Open,91.6,13716.03,2026-02-01
WO00073,A0033,E0018,Northwest,Closed,84.0,1327.48,2026-03-24
WO00074,A0024,E0009,Northwest,Complete,75.9,8783.86,2026-02-08
WO00075,A0007,E0025,Southeast,Done,72.9,3551.89,2026-03-28
WO00076,A0035,E0011,Southwest,Done,45.1,17460.88,2026-02-21
WO00077,A0012,E0026,Southwest,Open,69.0,23604.23,2026-05-08
WO00078,A0019,E0007,Northwest,In Progress,85.2,8061.0,2026-04-03
WO00079,A0033,E0013,Southeast,Closed,25.1,18893.95,2026-04-18
WO00080,A0019,E0012,Northwest,Done,32.5,3330.76,2026-03-26
WO00081,A0028,E0029,Northeast,Done,42.8,23922.85,2026-03-30
WO00082,A0012,E0016,Northeast,Complete,88.8,13102.08,2026-01-30
WO00083,A0006,E0024,Northeast,Open,41.9,24878.68,2026-04-19
WO00084,A0035,E0010,Central,Open,8.6,16607.75,2026-04-03
WO00085,A0029,E0020,Northeast,In Progress,66.5,8950.79,2026-05-07
WO00086,A0023,E0020,Northeast,Complete,61.7,19839.08,2026-05-05
WO00087,A0005,E0022,Northeast,Complete,49.7,18809.98,2026-04-22
WO00088,A0002,E0005,Southeast,Done,75.2,1111.27,2026-05-04
WO00089,A0016,E0025,Central,Complete,37.4,14289.3,2026-02-24
WO00090,A0010,E0022,Northeast,Complete,36.3,19136.34,2026-02-28
WO00091,A0009,E0017,Central,Closed,30.9,7147.57,2026-04-28
WO00092,A0002,E0024,Southwest,Closed,50.2,22860.18,2026-04-27
WO00093,A0017,E0025,Central,Done,43.4,24910.04,2026-04-06
WO00094,A0032,E0007,Northwest,In Progress,82.0,11438.06,2026-01-17
WO00095,A0029,E0003,Central,Done,34.0,1857.24,2026-03-04
WO00096,A0019,E0029,Central,In Progress,68.6,23201.28,2026-02-20
WO00097,A0012,E0026,Central,Delayed,22.3,24632.03,2026-01-31
WO00098,A0009,E0008,Northeast,Open,35.3,14413.87,2026-03-14
WO00099,A0036,E0005,Southeast,Open,7.2,10104.46,2026-02-10
WO00100,A0031,E0017,Northeast,Closed,79.2,2075.33,2026-04-02
